ID;Departement;Column5;Longitude;Latitude;LonGRD;LatGRD;LonDMS;LatDMS
30438;75;paris;2.34445;48.86;9;54289;22040;485136
31184;77;jouy le chatel;3.13333;48.6667;880;54073;30742;483955
31185;77;lesches;2.78333;48.9;492;54342;24647;485428
31186;77;saint germain sous doue;3.15;48.85;897;54279;30838;485103
31187;77;juilly;2.71667;49.0167;408;54459;24215;490046
31188;77;les chapelles bourbon;2.83333;48.7333;561;54157;25031;484428
31189;77;marcilly;2.88333;49.0333;601;54486;25239;490213
31190;77;guerard;2.96667;48.8167;690;54250;25729;484929
31191;77;bassevelle;3.28333;48.9333;1056;54364;31713;485538
31192;77;champcenest;3.28333;48.6667;1050;54078;31655;484011
31193;77;germigny l eveque;2.95;49;674;54436;25634;485933
31194;77;conches sur gondoire;2.71806;48.8556;424;54284;24305;485120
31195;77;dammartin sur tigeaux;2.93333;48.8167;648;54244;25511;484909
31196;77;montdauphin;3.43333;48.85;1213;54279;32542;485105
31197;77;annet sur marne;2.71667;48.9167;425;54362;24309;485532
31198;77;emerainville;2.61667;48.8167;318;54234;23722;484836
31199;77;aufferville;2.61667;48.2167;303;53572;23633;481254
31200;77;nangis;3;48.55;753;53950;30053;483318
31201;77;chauffry;3.18333;48.8167;943;54243;31106;484906
31202;77;limoges fourches;2.66667;48.6167;366;54031;23956;483740
31203;77;noisy sur ecole;2.5;48.3667;190;53742;23028;482203
31204;77;isles les meldeuses;3.01667;49;744;54444;30023;485958
31205;77;varreddes;2.93333;49;658;54448;25545;490010
31206;77;vendrest;3.1;49.05;841;54496;30538;490247
31207;77;darvault;2.73333;48.2667;442;53635;24404;481616
31208;77;saint leger;3.25;48.8333;1021;54265;31518;485020
31209;77;mary sur marne;3.03333;49.0167;769;54461;30144;490054
31210;77;jaignes;3.05;49;798;54435;30319;485931
31211;77;avon;2.71667;48.4;432;53788;24330;482432
31212;77;carnetin;2.71667;48.9;409;54334;24218;485402
31213;77;aubepierre ozouer le repos;2.88695;48.6314;611;54035;25313;483753
31214;77;la chapelle gauthier;2.9;48.55;625;53944;25357;483259
31215;77;paley;2.85;48.2333;581;53602;25134;481430
31216;77;saint germain laxis;2.7;48.5833;416;53980;24240;483454
31217;77;sept sorts;3.1;48.9333;852;54375;30611;485616
31218;77;la celle sur morin;2.96667;48.8167;699;54229;25757;484823
31219;77;gouaix;3.28333;48.4833;1063;53871;31737;482901
31220;77;la haute maison;3;48.8833;738;54314;30004;485256
31221;77;chauconin neufmontiers;2.83917;48.9759;558;54418;25021;485833
31222;77;pontcarre;2.7;48.8;410;54219;24219;484748
31223;77;ocquerre;3.06667;49.0333;801;54487;30327;490219
31224;77;touquin;3.01667;48.7333;752;54151;30047;484409
31225;77;mauregard;2.58333;49.0333;272;54482;23452;490203
31226;77;fay les nemours;2.66667;48.2333;375;53590;24026;481353
31227;77;beaumont du gatinais;2.47695;48.1381;156;53487;22837;480817
31228;77;chalifert;2.76667;48.8833;485;54321;24623;485319
31229;77;obsonville;2.56667;48.2167;249;53575;23339;481303
31230;77;montceaux les provins;3.43333;48.6833;1223;54104;32614;484138
31231;77;nanteuil les meaux;2.9;48.9333;623;54366;25349;485547
31232;77;blennes;3.01667;48.25;763;53620;30125;481528
31233;77;montceaux les meaux;2.98333;48.95;723;54381;25914;485634
31234;77;tigeaux;2.91667;48.8333;627;54252;25404;484936
31235;77;noisy rudignon;2.93333;48.3333;659;53706;25548;482009
31236;77;pommeuse;3.01667;48.8167;755;54240;30057;484857
31237;77;voulx;2.96667;48.2833;702;53645;25806;481651
31238;77;beton bazoches;3.25;48.7;1008;54113;31439;484205
31239;77;saint germain laval;3;48.4;734;53777;25948;482357
31240;77;coutevroult;2.85;48.8667;573;54292;25108;485145
31241;77;chatenoy;2.63333;48.2333;322;53593;23734;481400
31242;77;la chapelle moutils;3.39223;48.7748;1173;54194;32332;484629
31243;77;la tretoire;3.25;48.8833;1017;54304;31505;485225
31244;77;grez sur loing;2.7;48.3167;392;53684;24120;481855
31245;77;doue;3.15;48.8667;918;54296;30946;485158
31246;77;cely;2.53167;48.4592;217;53844;23154;482733
31247;77;magny le hongre;2.81667;48.8667;530;54292;24849;485147
31248;77;chevry en sereine;2.95;48.25;674;53615;25635;481513
31249;77;lieusaint;2.55;48.6333;236;54036;23255;483756
31250;77;gretz armainvilliers;2.73333;48.7333;442;54157;24403;484428
31251;77;la genevraye;2.75;48.3167;455;53690;24447;481914
31252;77;armentieres en brie;3.01667;48.9833;762;54421;30120;485844
31253;77;meigneux;3.1;48.5167;852;53902;30613;483043
31254;77;maincy;2.7;48.55;406;53944;24207;483259
31255;77;trilport;2.95;48.95;681;54397;25657;485726
31256;77;cocherel;3.1;49.0167;852;54467;30611;490112
31257;77;beauvoir;2.86667;48.6333;587;54050;25152;483841
31258;77;vignely;2.81667;48.9333;525;54367;24833;485548
31259;77;dhuisy;3.16667;49.0333;916;54487;30940;490219
31260;77;perthes;2.555;48.4775;243;53864;23318;482839
31261;77;chambry;2.9;49;620;54443;25341;485955
31262;77;vernou la celle sur seine;2.84639;48.3878;567;53764;25047;482316
31263;77;saint thibault des vignes;2.68333;48.8667;391;54299;24119;485209
31264;77;sammeron;3.08333;48.95;828;54387;30455;485652
31265;77;voinsles;3;48.6833;742;54101;30017;484127
31266;77;paroy;3.2;48.4833;958;53866;31156;482847
31267;77;saint hilliers;3.26667;48.6167;1022;54023;31524;483716
31268;77;gravon;3.11667;48.4;871;53777;30712;482358
31269;77;mortery;3.25;48.6;1026;53999;31536;483556
31270;77;villemer;2.83333;48.3;543;53668;24931;481804
31271;77;quincy voisins;2.88333;48.9;597;54333;25225;485358
31272;77;coulommes;2.93333;48.9;658;54324;25544;485329
31273;77;chevry cossigny;2.66667;48.7167;362;54139;23945;484331
31274;77;le mesnil amelot;2.6;49.0167;284;54465;23531;490107
31275;77;montry;2.83333;48.8833;546;54319;24940;485312
31276;77;chatenay sur seine;3.1;48.4167;842;53798;30540;482506
31277;77;augers en brie;3.35;48.6833;1134;54089;32126;484049
31278;77;jaulnes;3.26667;48.4167;1040;53797;31622;482503
31279;77;congis sur therouanne;2.97528;49.007;710;54452;25831;490025
31280;77;saint sauveur les bray;3.2;48.4333;970;53821;31234;482619
31281;77;saint ange le viel;2.90111;48.2656;627;53628;25404;481556
31282;77;thenisy;3.18333;48.4833;933;53877;31034;482922
31283;77;larchant;2.6;48.2833;289;53650;23548;481705
31284;77;fontaine le port;2.76667;48.4833;475;53875;24551;482916
31285;77;forfry;2.85;49.05;567;54508;25050;490327
31286;77;montenils;3.48333;48.85;1268;54269;32839;485033
31287;77;oissery;2.81667;49.0667;534;54523;24900;490414
31288;77;les ecrennes;2.85;48.5;580;53893;25132;483012
31289;77;moissy cramayel;2.6;48.6167;284;54029;23532;483734
31290;77;poligny;2.75;48.2167;454;53583;24444;481328
31291;77;vert saint denis;2.61667;48.5667;317;53963;23719;483401
31292;77;courtacon;3.28333;48.7;1061;54106;31728;484144
31293;77;amponville;2.53333;48.2833;215;53643;23147;481644
31294;77;gouvernes;2.7;48.8667;397;54289;24138;485138
31295;77;jouy sur morin;3.26667;48.8;1041;54216;31624;484740
31296;77;nanteau sur lunain;2.81667;48.25;528;53619;24841;481524
31297;77;chenou;2.65;48.1667;357;53517;23929;480956
31298;77;crisenoy;2.75;48.6;452;53995;24437;483544
31299;77;servon;2.58333;48.7167;279;54130;23514;484301
31300;77;guermantes;2.7;48.85;410;54283;24221;485116
31301;77;champeaux;2.8;48.5833;523;53984;24826;483506
31302;77;lorrez le bocage preaux;2.90084;48.237;627;53597;25403;481413
31303;77;soisy bouy;3.3;48.5167;1064;53902;31740;483042
31304;77;remauville;2.81667;48.2167;541;53571;24924;481249
31305;77;longueville;3.25;48.5167;1012;53905;31449;483052
31306;77;jutigny;3.23333;48.5;994;53887;31353;482954
31307;77;saint mammes;2.81667;48.3833;531;53763;24851;482312
31308;77;montge en goele;2.75;49.0275;459;54475;24460;490139
31309;77;herme;3.33333;48.4833;1120;53870;32041;482857
31310;77;boissy le chatel;3.13333;48.8167;889;54247;30811;484920
31311;77;lagny sur marne;2.71667;48.8667;411;54309;24224;485241
31312;77;chanteloup en brie;2.73917;48.855;447;54283;24421;485118
31313;77;villemarechal;2.86667;48.2667;591;53631;25206;481603
31314;77;orly sur morin;3.23333;48.9;994;54338;31352;485416
31315;77;dagny;3.16667;48.7167;927;54130;31015;484303
31316;77;courchamp;3.28333;48.6333;1056;54040;31713;483811
31317;77;chartrettes;2.7;48.4833;408;53875;24213;482915
31318;77;vimpelles;3.16667;48.4333;920;53822;30951;482623
31319;77;valence en brie;2.88333;48.4333;615;53827;25325;482640
31320;77;ury;2.6;48.3333;297;53715;23613;482036
31321;77;ormesson;2.65;48.2333;352;53605;23912;481440
31322;77;tousson;2.46667;48.35;135;53719;22730;482049
31323;77;savins;3.2;48.5167;959;53900;31159;483036
31324;77;saint pierre les nemours;2.68333;48.2667;381;53628;24047;481555
31325;77;breau;2.87806;48.5617;602;53957;25241;483342
31326;77;laval en brie;2.98333;48.4167;733;53805;25947;482528
31327;77;dampmart;2.73333;48.8833;443;54319;24406;485312
31328;77;couilly pont aux dames;2.86667;48.8833;579;54316;25128;485304
31329;77;claye souilly;2.7;48.95;389;54383;24112;485642
31330;77;chalautre la petite;3.31667;48.5333;1083;53921;31842;483145
31331;77;champdeuil;2.73333;48.6167;438;54023;24350;483714
31332;77;boissise la bertrand;2.58333;48.5167;281;53920;23521;483139
31333;77;bois le roi;2.7;48.4667;401;53859;24150;482825
31334;77;passy sur seine;3.35;48.4167;1123;53806;32050;482530
31335;77;neufmoutiers en brie;2.83333;48.7667;551;54188;24956;484609
31336;77;soignolles en brie;2.68333;48.65;403;54061;24159;483918
31337;77;champs sur marne;2.6;48.85;295;54281;23607;485110
31338;77;villeroy;2.78333;48.9833;495;54426;24654;485901
31339;77;hautefeuille;2.96667;48.7667;700;54184;25800;484555
31340;77;presles en brie;2.75;48.7167;450;54128;24430;484253
31341;77;sourdun;3.35;48.5333;1126;53930;32101;483213
31342;77;sablonnieres;3.28333;48.8667;1066;54306;31747;485231
31343;77;precy sur marne;2.78333;48.9333;486;54368;24626;485552
31344;77;sainte aulde;3.17306;48.9939;929;54438;31023;485938
31345;77;gastins;3.01667;48.6333;759;54032;30111;483742
31346;77;thoury ferottes;2.95;48.2833;674;53657;25635;481728
31347;77;pomponne;2.68333;48.8833;394;54313;24127;485255
31348;77;villeneuve les bordes;3.05;48.4833;785;53874;30234;482911
31349;77;egreville;2.86667;48.1667;594;53530;25217;481038
31350;77;brou sur chantereine;2.63333;48.8833;325;54314;23746;485257
31351;77;sancy les provins;3.38333;48.7;1173;54108;32332;484148
31352;77;saint germain sur morin;2.85;48.8833;571;54314;25102;485257
31353;77;les ormes sur voulzie;3.23333;48.4667;988;53847;31334;482743
31354;77;bazoches les bray;3.18333;48.4;947;53777;31119;482357
31355;77;le vaudoue;2.51667;48.35;203;53730;23108;482125
31356;77;cucharmoy;3.18333;48.5833;930;53992;31025;483534
31357;77;crouy sur ourcq;3.06667;49.0833;820;54545;30428;490524
31358;77;cessoy en montois;3.15;48.5;900;53894;30847;483017
31359;77;esbly;2.81667;48.9;529;54337;24845;485411
31360;77;la chapelle iger;2.98333;48.65;724;54059;25918;483911
31361;77;noyen sur seine;3.35;48.45;1125;53836;32057;482709
31362;77;jouarre;3.13333;48.9333;881;54363;30748;485537
31363;77;chelles;2.6;48.8833;281;54310;23520;485243
31364;77;saint mard;2.7;49.0333;399;54487;24143;490218
31365;77;crecy la chapelle;2.9075;48.8589;634;54288;25427;485132
31366;77;torcy;2.65;48.85;349;54278;23903;485101
31367;77;mauperthuis;3.03333;48.7667;779;54187;30216;484605
31368;77;vaudoy en brie;3.08333;48.6833;826;54098;30446;484119
31369;77;sognolles en montois;3.16667;48.5167;923;53902;31002;483041
31370;77;pezarches;2.98333;48.7333;726;54151;25923;484410
31371;77;chalautre la grande;3.45;48.5333;1247;53936;32733;483231
31372;77;rupereux;3.33333;48.6333;1106;54040;31955;483809
31373;77;dammarie les lys;2.63445;48.5153;331;53906;23804;483055
31374;77;roissy en brie;2.65;48.8;350;54212;23905;484728
31375;77;rozay en brie;2.96667;48.6833;691;54093;25730;484100
31376;77;saint sauveur sur ecole;2.55;48.4833;235;53885;23253;482948
31377;77;le plessis aux bois;2.76667;49;480;54448;24607;490010
31378;77;fontainebleau;2.7;48.4;406;53788;24206;482432
31379;77;sainte colombe;3.25;48.5333;1029;53929;31546;483208
31380;77;varennes sur seine;2.91667;48.3667;652;53749;25524;482226
31381;77;lumigny nesles ormeaux;2.95167;48.7364;683;54152;25706;484411
31382;77;treuzy levelay;2.8;48.2833;530;53637;24849;481623
31383;77;baby;3.33333;48.4;1117;53774;32032;482348
31384;77;garentreville;2.55;48.2333;237;53596;23259;481411
31385;77;mareuil les meaux;2.86667;48.9333;581;54364;25135;485539
31386;77;moussy le neuf;2.6;49.0667;296;54515;23611;490347
31387;77;trilbardou;2.8;48.95;522;54380;24821;485632
31388;77;meaux;2.86667;48.95;613;54400;25316;485734
31389;77;bombon;2.85;48.5667;581;53969;25133;483418
31390;77;thomery;2.78333;48.4;500;53787;24710;482430
31391;77;courtomer;2.9;48.65;629;54060;25408;483916
31392;77;nemours;2.7;48.2667;397;53632;24137;481607
31393;77;saint mery;2.81667;48.5667;544;53975;24934;483439
31394;77;saint remy la vanne;3.23306;48.7928;996;54214;31359;484734
31395;77;bray sur seine;3.23333;48.4167;1003;53794;31420;482453
31396;77;mortcerf;2.91667;48.7833;644;54211;25459;484722
31397;77;courquetaine;2.75;48.6833;455;54087;24446;484041
31398;77;rouvres;2.71667;49.0667;422;54513;24300;490342
31399;77;brie comte robert;2.61667;48.6833;305;54103;23640;484133
31400;77;bernay vilbert;2.93778;48.6759;668;54084;25616;484033
31401;77;fouju;2.78333;48.5833;491;53984;24643;483509
31402;77;bouleurs;2.91667;48.8833;633;54312;25423;485252
31403;77;othis;2.68333;49.0833;378;54529;24035;490435
31404;77;boissise le roi;2.56667;48.5333;264;53917;23427;483132
31405;77;villeneuve saint denis;2.8;48.8167;507;54239;24735;484856
31406;77;fontenailles;2.95;48.55;684;53948;25706;483312
31407;77;marchemoret;2.76667;49.05;482;54501;24613;490302
31408;77;mons en montois;3.15;48.4833;900;53877;30848;482921
31409;77;voulton;3.33333;48.6167;1108;54021;32001;483707
31410;77;tancrou;3.05;49;791;54445;30254;490002
31411;77;compans;2.66667;49;365;54438;23954;485938
31412;77;vaires sur marne;2.65;48.8667;335;54305;23817;485227
31413;77;saint loup de naud;3.2;48.5333;971;53929;31237;483210
31414;77;lizines;3.18333;48.5333;935;53919;31039;483137
31415;77;moisenay;2.73333;48.55;444;53959;24409;483346
31416;77;mousseaux les bray;3.23333;48.4167;981;53793;31312;482449
31417;77;penchard;2.86667;48.9833;581;54429;25134;485910
31418;77;buthiers;2.43333;48.2833;104;53653;22550;481714
31419;77;voisenon;2.66667;48.5667;364;53968;23951;483418
31420;77;clos fontaine;3.01611;48.607;755;54008;30058;483625
31421;77;seine port;2.55;48.55;241;53952;23311;483323
31422;77;gironville;2.53333;48.1833;213;53539;23142;481106
31423;77;chatres;2.81667;48.7;525;54123;24834;484239
31424;77;ville saint jacques;2.9;48.3333;624;53715;25355;482036
31425;77;montereau fault yonne;2.95;48.3833;679;53759;25653;482259
31426;77;chatillon la borde;2.8;48.5333;554;53922;25007;483149
31427;77;boisdon;3.21667;48.6833;987;54094;31329;484106
31428;77;hondevilliers;3.31667;48.9;1081;54333;31835;485358
31429;77;vanville;3.1;48.55;856;53950;30625;483319
31430;77;quiers;2.96667;48.6;704;54008;25812;483627
31431;77;bailly romainvilliers;2.81667;48.8333;541;54274;24923;485049
31432;77;choisy en brie;3.21667;48.7667;978;54176;31301;484531
31433;77;chaumes en brie;2.85;48.6667;563;54075;25036;484004
31434;77;combs la ville;2.56667;48.6667;252;54069;23347;483943
31435;77;jossigny;2.75;48.8333;463;54264;24512;485016
31436;77;fresnes sur marne;2.73333;48.9333;450;54377;24429;485623
31437;77;vulaines sur seine;2.76667;48.4333;478;53812;24560;482552
31438;77;rouilly;3.26667;48.5833;1056;53982;31712;483500
31439;77;pontault combault;2.60528;48.7984;299;54220;23619;484754
31440;77;salins;3.01667;48.4167;762;53802;30119;482519
31441;77;balloy;3.13333;48.4;901;53776;30851;482353
31442;77;villemareuil;2.98333;48.9167;707;54358;25824;485518
31443;77;burcy;2.51667;48.2333;206;53599;23119;481421
31444;77;guignes;2.79861;48.6359;514;54040;24755;483809
31445;77;dammartin en goele;2.68333;49.05;383;54505;24053;490315
31446;77;pamfou;2.86667;48.45;594;53846;25217;482741
31447;77;montarlot;2.85;48.35;571;53722;25101;482059
31448;77;saint cyr sur morin;3.18333;48.9167;941;54340;31102;485422
31449;77;melz sur seine;3.41667;48.5;1202;53886;32505;482951
31450;77;villevaude;2.65;48.9167;350;54353;23905;485503
31451;77;flagy;2.91667;48.3167;650;53681;25517;481845
31452;77;saint simeon;3.2;48.8;963;54221;31211;484757
31453;77;ichy;2.55;48.2;234;53559;23251;481209
31454;77;jablines;2.76667;48.9167;473;54353;24545;485504
31455;77;rumont;2.5;48.2667;180;53628;22953;481553
31456;77;boutigny;2.93333;48.9167;658;54356;25543;485513
31457;77;guercheville;2.55;48.25;246;53622;23328;481534
31458;77;fontaine fourches;3.38333;48.4167;1173;53793;32331;482450
31459;77;donnemarie dontilly;3.13056;48.4781;882;53865;30750;482841
31460;77;sancy;2.95917;48.8864;692;54318;25733;485311
31461;77;saint ouen en brie;2.91667;48.55;646;53953;25505;483328
31462;77;diant;2.98333;48.2833;729;53646;25934;481654
31463;77;boissettes;2.61667;48.5167;302;53911;23631;483113
31464;77;chalmaison;3.25;48.4833;1015;53868;31500;482851
31465;77;maisoncelles en brie;3;48.8667;727;54293;25926;485148
31466;77;cregy les meaux;2.88333;48.9833;602;54421;25242;485843
31467;77;saint martin des champs;3.33473;48.7781;1109;54198;32005;484641
31468;77;saint augustin;3.03333;48.7833;770;54205;30146;484705
31469;77;courpalay;2.95;48.65;692;54054;25734;483854
31470;77;saints;3.05;48.75;793;54177;30301;484532
31471;77;episy;2.78333;48.3333;499;53705;24710;482003
31472;77;saint mesmes;2.7;48.9833;399;54427;24144;485902
31473;77;maisoncelles en gatinais;2.63333;48.1833;322;53542;23734;481115
31474;77;charmentray;2.78333;48.95;488;54384;24634;485644
31475;77;les marets;3.31667;48.6667;1086;54079;31850;484015
31476;77;esmans;2.96667;48.35;711;53720;25835;482053
31477;77;coulommiers;3.08333;48.8167;830;54240;30501;484856
31478;77;montolivet;3.43333;48.8333;1226;54255;32623;484946
31479;77;faremoutiers;3;48.8;733;54222;25946;484801
31480;77;la brosse montceaux;3.01667;48.3333;759;53717;30109;482041
31481;77;forges;2.95;48.4167;694;53799;25739;482508
31482;77;la ferte gaucher;3.3;48.7833;1076;54203;31819;484657
31483;77;fleury en biere;2.55;48.45;236;53831;23257;482652
31484;77;villenauxe la petite;3.3;48.4;1081;53786;31834;482428
31485;77;aulnoy;3.1;48.85;844;54268;30545;485027
31486;77;lescherolles;3.33333;48.75;1121;54180;32044;484543
31487;77;bellot;3.31667;48.85;1091;54285;31906;485124
31488;77;champagne sur seine;2.8;48.4;516;53775;24804;482350
31489;77;ferolles attilly;2.63333;48.7333;326;54147;23747;484356
31490;77;meilleray;3.41667;48.7833;1211;54210;32534;484720
31491;77;vaux le penil;2.66667;48.5333;384;53918;24056;483135
31492;77;marles en brie;2.88333;48.7167;603;54142;25246;484341
31493;77;beauchery saint martin;3.40278;48.6153;1185;54017;32410;483655
31494;77;sigy;3.18333;48.4667;938;53865;31052;482841
31495;77;cesson;2.6;48.5667;294;53962;23604;483357
31496;77;chailly en biere;2.58333;48.4667;301;53852;23627;482802
31497;77;vincy manoeuvre;2.96667;49.0833;696;54532;25748;490444
31498;77;saint germain sur ecole;2.51667;48.4667;192;53861;23033;482830
31499;77;lechelle;3.38333;48.5833;1169;53975;32318;483439
31500;77;barbizon;2.6;48.45;298;53829;23618;482645
31501;77;crevecoeur en brie;2.9;48.75;635;54171;25428;484515
31502;77;vaux sur lunain;2.93333;48.2167;666;53586;25608;481339
31503;77;coutencon;3;48.4667;733;53857;25946;482816
31504;77;chateau landon;2.7;48.15;404;53499;24202;480857
31505;77;villiers en biere;2.6;48.4833;292;53882;23558;482939
31506;77;pringy;2.56667;48.5167;245;53912;23324;483116
31507;77;ozoir la ferriere;2.66667;48.7667;381;54188;24045;484609
31508;77;tournan en brie;2.76667;48.7333;480;54156;24605;484426
31509;77;saint just en brie;3.1;48.6;866;54015;30659;483647
31510;77;boulancourt;2.43333;48.25;112;53621;22615;481531
31511;77;noisiel;2.63333;48.85;325;54283;23744;485117
31512;77;chevrainvilliers;2.61667;48.25;309;53606;23654;481442
31513;77;rampillon;3.06667;48.55;811;53944;30358;483259
31514;77;barcy;2.88333;49.0167;605;54465;25253;490106
31515;77;villuis;3.35;48.4167;1135;53790;32130;482439
31516;77;acheres la foret;2.56667;48.35;254;53717;23354;482044
31517;77;arbonne la foret;2.565;48.4134;254;53793;23354;482448
31518;77;la houssaye en brie;2.86667;48.75;598;54172;25228;484515
31519;77;montigny lencoup;3.05;48.45;808;53837;30350;482711
31520;77;mondreville;2.60945;48.1425;303;53492;23634;480833
31521;77;saint soupplets;2.8;49.0333;523;54487;24826;490218
31522;77;mery sur marne;3.2;48.9667;961;54408;31206;485802
31523;77;giremoutiers;3.03333;48.85;770;54270;30145;485034
31524;77;bagneaux sur loing;2.7;48.2333;409;53590;24218;481353
31525;77;hericy;2.76667;48.45;474;53829;24547;482647
31526;77;messy;2.7;48.9667;404;54408;24202;485801
31527;77;cerneux;3.35;48.6833;1120;54104;32039;484137
31528;77;thieux;2.66667;49.0167;368;54456;24003;490036
31529;77;mouroux;3.03333;48.8167;779;54247;30217;484921
31530;77;argentieres;2.86667;48.65;590;54060;25204;483913
31531;77;la rochette;2.66667;48.5;363;53899;23948;483032
31532;77;souppes sur loing;2.73333;48.1833;443;53537;24407;481059
31533;77;fretoy;3.2;48.7;957;54116;31151;484217
31534;77;signy signets;3.06667;48.9333;812;54364;30401;485540
31535;77;lognes;2.61667;48.8333;324;54262;23740;485010
31536;77;favieres;2.78333;48.7667;487;54182;24629;484551
31537;77;saint brice;3.31667;48.5667;1098;53964;31928;483404
31538;77;bougligny;2.65;48.2;356;53550;23926;481143
31539;77;changis sur marne;3.03333;48.9667;758;54398;30107;485728
31540;77;la chapelle la reine;2.58333;48.3167;261;53687;23418;481906
31541;77;courcelles en bassee;3.055;48.4098;798;53789;30318;482435
31542;77;bannost villegagnon;3.19167;48.6784;950;54087;31130;484042
31543;77;solers;2.71667;48.65;423;54064;24301;483928
31544;77;villeneuve sur bellot;3.35;48.8667;1117;54292;32031;485147
31545;77;evry gregy sur yerre;2.63472;48.6553;331;54061;23805;483919
31546;77;cuisy;2.76667;49.0167;484;54466;24621;490110
31547;77;egligny;3.11667;48.4333;871;53809;30713;482540
31548;77;chevru;3.2;48.7333;954;54151;31142;484408
31549;77;fromont;2.5;48.25;186;53617;23014;481520
31550;77;chamigny;3.15;48.9833;905;54415;30905;485825
31551;77;villebeon;2.93333;48.2;670;53565;25624;481231
31552;77;poincy;2.93333;48.9667;665;54411;25607;485811
31553;77;moret sur loing;2.81667;48.3667;531;53748;24851;482225
31554;77;germigny sous coulombs;3.16667;49.0667;914;54516;30933;490352
31555;77;provins;3.3;48.55;1070;53954;31758;483332
31556;77;ferrieres en brie;2.70472;48.8214;409;54246;24217;484917
31557;77;bransles;2.83333;48.15;553;53502;25005;480907
31558;77;reau;2.61667;48.6;319;54012;23725;483638
31559;77;la chapelle rablais;2.96667;48.5167;706;53901;25818;483040
31560;77;misy sur yonne;3.08333;48.3667;837;53733;30522;482135
31561;77;pecy;3.08333;48.65;825;54062;30443;483921
31562;77;le plessis feu aussoux;3.03333;48.7167;774;54130;30159;484301
31563;77;andrezel;2.81667;48.6;530;54012;24848;483640
31564;77;conde sainte libiaire;2.83333;48.9;550;54331;24954;485353
31565;77;villiers sur morin;2.9;48.8667;603;54289;25246;485137
31566;77;villenoy;2.86667;48.95;583;54379;25141;485628
31567;77;everly;3.25;48.4667;1014;53851;31456;482758
31568;77;recloses;2.63333;48.35;339;53720;23830;482052
31569;77;la chapelle saint sulpice;3.18333;48.55;935;53949;31042;483316
31570;77;la ferte sous jouarre;3.13333;48.95;881;54388;30746;485657
31571;77;vaucourtois;2.95;48.9;683;54329;25704;485344
31572;77;reuil en brie;3.15;48.9667;901;54401;30849;485738
31573;77;thorigny sur marne;2.71667;48.8833;417;54317;24242;485305
31574;77;bussy saint georges;2.7;48.85;401;54269;24152;485030
31575;77;poigny;3.28333;48.5333;1051;53932;31657;483221
31576;77;bourron marlotte;2.7;48.3333;412;53713;24228;482028
31577;77;montigny le guesdier;3.25;48.3833;1019;53760;31513;482301
31578;77;montereau sur le jard;2.66667;48.5833;390;53996;24114;483548
31579;77;vulaines les provins;3.21667;48.55;981;53956;31311;483337
31580;77;villiers sur seine;3.36667;48.45;1154;53839;32230;482719
31581;77;saint denis les rebais;3.21667;48.8333;971;54262;31237;485009
31582;77;gressy;2.66667;48.9667;374;54405;24024;485754
31583;77;grisy sur seine;3.31667;48.4333;1091;53821;31907;482620
31584;77;fontains;3;48.5333;738;53918;30003;483135
31585;77;mouy sur seine;3.23333;48.4167;1002;53801;31417;482514
31586;77;montmachoux;2.98333;48.3167;729;53687;25935;481907
31587;77;cannes ecluse;2.98834;48.3645;724;53738;25918;482152
31588;77;montcourt fromonville;2.7;48.3;408;53673;24213;481820
31589;77;longperrier;2.66667;49.05;364;54501;23952;490303
31590;77;boissy aux cailles;2.5;48.3167;185;53688;23012;481910
31591;77;saint fiacre;2.96667;48.9167;686;54358;25714;485521
31592;77;marolles en brie;3.16667;48.7833;920;54196;30951;484636
31593;77;echouboulains;2.95;48.4667;677;53849;25644;482750
31594;77;voulangis;2.9;48.8667;622;54280;25348;485106
31595;77;marolles sur seine;3.03333;48.3833;772;53762;30152;482309
31596;77;grisy suisnes;2.66667;48.6833;367;54094;24001;484104
31597;77;lissy;2.68333;48.6167;400;54030;24147;483736
31598;77;fontenay tresigny;2.86667;48.7;592;54120;25210;484227
31599;77;nandy;2.56667;48.5833;255;53982;23358;483503
31600;77;amillis;3.13333;48.7333;880;54157;30743;484428
31601;77;coulombs en valois;3.12611;49.07;877;54522;30734;490412
31602;77;chaintreaux;2.81667;48.2;537;53555;24910;481159
31603;77;blandy;2.78333;48.5667;495;53962;24655;483358
31604;77;le pin;2.61667;48.9167;325;54349;23745;485452
31605;77;saacy sur marne;3.21667;48.9667;972;54403;31242;485746
31606;77;beautheil;3.08333;48.75;835;54182;30519;484548
31607;77;melun;2.66667;48.5333;358;53933;23933;483223
31608;77;gurcy le chatel;3.1;48.4667;834;53857;30513;482815
31609;77;gesvres le chapitre;2.85;49.05;572;54494;25106;490241
31610;77;savigny le temple;2.58333;48.5667;274;53973;23458;483433
31611;77;serris;2.78333;48.85;500;54273;24710;485043
31612;77;leudon en brie;3.26667;48.7333;1037;54148;31612;484400
31613;77;saint mars vieux maisons;3.31945;48.742;1092;54158;31910;484431
31614;77;samoreau;2.75;48.4167;464;53806;24515;482531
31615;77;chartronges;3.26667;48.7333;1036;54163;31608;484447
31616;77;le mee sur seine;2.63333;48.5333;328;53931;23755;483215
31617;77;bussieres;3.23333;48.9333;1000;54359;31410;485523
31618;77;collegien;2.66667;48.8333;374;54263;24024;485013
31619;77;moussy le vieux;2.61667;49.05;321;54496;23730;490248
31620;77;la grande paroisse;2.9;48.3833;629;53763;25409;482312
31621;77;yebles;2.76667;48.6333;482;54042;24612;483816
31622;77;nonville;2.78333;48.2833;507;53648;24734;481658
31623;77;veneux les sablons;2.8;48.3667;507;53753;24734;482240
31624;77;liverdy en brie;2.76667;48.7;487;54111;24630;484158
31625;77;barbey;3.05;48.3667;798;53740;30317;482157
31626;77;la madeleine sur loing;2.7031;48.2;409;53559;24215;481211
31627;77;montigny sur loing;2.73333;48.3333;451;53709;24434;482017
31628;77;saint barthelemy;3.36667;48.8167;1137;54240;32136;484859
31629;77;puisieux;2.91667;49.0667;644;54517;25459;490355
31630;77;livry sur seine;2.68333;48.5167;387;53901;24105;483038
31631;77;coupvray;2.8;48.9;508;54324;24737;485331
31632;77;douy la ramee;2.88333;49.0667;606;54518;25255;490359
31633;77;dormelles;2.9;48.3167;627;53684;25403;481857
31634;77;saint fargeau ponthierry;2.54528;48.5333;231;53925;23241;483158
31635;77;lizy sur ourcq;3.03333;49.0167;762;54472;30119;490131
31636;77;saint pathus;2.8;49.0667;515;54523;24759;490414
31637;77;trocy en multien;2.96667;49.05;696;54492;25747;490235
31638;77;grandpuits bailly carrois;2.96584;48.5837;699;53982;25757;483501
31639;77;charny;2.76667;48.9667;473;54413;24544;485816
31640;77;bezalles;3.23333;48.6833;1007;54087;31434;484042
31641;77;monthyon;2.83333;49.0167;545;54453;24938;490029
31642;77;citry;3.25;48.9667;1002;54410;31419;485808
31643;77;ozouer le voulgis;2.76667;48.65;487;54068;24630;483940
31644;77;etrepilly;2.93333;49.0333;661;54484;25552;490208
31645;77;mitry mory;2.61667;48.9833;311;54427;23659;485902
31646;77;iverny;2.78333;49;502;54445;24718;490002
31647;77;isles les villenoy;2.83333;48.9167;544;54346;24935;485440
31648;77;villeneuve sous dammartin;2.63333;49.0333;337;54483;23823;490206
31649;77;nanteuil sur marne;3.21667;48.9833;983;54421;31315;485843
31650;77;samois sur seine;2.75;48.45;459;53836;24460;482708
31651;77;le plessis placy;3;49.0667;726;54509;25923;490330
31652;77;vieux champagne;3.13333;48.5833;890;53977;30816;483446
31653;77;pierre levee;3.03333;48.9;780;54333;30219;485360
31654;77;saint ouen sur morin;3.2;48.9;954;54338;31144;485416
31655;77;chateaubleau;3.1;48.5833;857;53987;30627;483516
31656;77;sivry courtry;2.75;48.5333;465;53920;24517;483141
31657;77;luzancy;3.18333;48.9667;945;54415;31115;485823
31658;77;rubelles;2.68333;48.5667;382;53955;24049;483335
31659;77;chessy;2.76667;48.8833;474;54311;24548;485249
31660;77;montevrain;2.75;48.8667;454;54306;24444;485231
31661;77;le chatelet en brie;2.8;48.5;503;53892;24722;483011
31662;77;luisetaines;3.18333;48.4667;937;53853;31047;482803
31663;77;mormant;2.88333;48.6;615;54008;25324;483625
31664;77;verdelot;3.36667;48.8667;1144;54306;32157;485230
31665;77;machault;2.83333;48.45;549;53838;24950;482716
31666;77;may en multien;3.03333;49.0667;761;54524;30117;490418
31667;77;villeneuve le comte;2.83333;48.8167;547;54237;24943;484849
31668;77;villeparisis;2.61667;48.9333;300;54381;23623;485634
31669;77;arville;2.55;48.1833;235;53543;23253;481118
31670;77;la croix en brie;3.06667;48.5833;820;53993;30429;483537
31671;77;boitron;3.26667;48.9;1026;54331;31537;485351
31672;77;ecuelles;2.81667;48.35;539;53727;24917;482115
31673;77;courtry;2.76667;48.5333;296;54353;23611;485503
31674;77;saint martin du boschet;3.41667;48.7333;1213;54151;32540;484409
31675;77;coubert;2.7;48.6667;400;54079;24149;484016
31676;77;le plessis l eveque;2.78333;49;497;54454;24703;490030
31677;77;verneuil l etang;2.83333;48.6333;554;54049;25008;483840
31678;77;chailly en brie;3.11667;48.7833;874;54211;30723;484725
31679;77;fublaines;2.95;48.9333;666;54375;25608;485616
31680;77;louan villegruis fontaine;3.47806;48.6256;1268;54028;32841;483732
31681;77;chenoise;3.2;48.6167;953;54017;31139;483655
31682;77;villiers sous grez;2.65;48.3167;346;53688;23853;481910
31683;77;bussy saint martin;2.68333;48.85;393;54277;24125;485057
31684;77;saint jean les deux jumeaux;3.01667;48.95;757;54390;30104;485705
31685;77;croissy beaubourg;2.66667;48.8333;359;54254;23935;484943
31686;77;rebais;3.23333;48.85;995;54275;31357;485050
31687;77;maison rouge;3.15;48.5583;905;53954;30904;483331
31688;77;la tombe;3.08333;48.3833;837;53765;30522;482318
31689;77;nantouillet;2.7;49;407;54446;24212;490006
31690;77;ussy sur marne;3.08333;48.95;818;54395;30423;485719
31691;77;lesigny;2.61667;48.7333;310;54160;23657;484439
31692;77;villecerf;2.85;48.3333;567;53697;25050;481939
31693;77;nanteau sur essonne;2.41667;48.3167;89;53685;22501;481858
31694;77;fericy;2.8;48.45;516;53844;24804;482736
31695;77;vinantes;2.73333;49.0167;442;54456;24404;490038
31696;77;villiers saint georges;3.41667;48.65;1189;54054;32424;483856
31697;77;saint martin en biere;2.56667;48.4333;256;53819;23402;482613
31698;78;chanteloup les vignes;2.03333;48.9833;-340;54420;20151;485842
31699;78;vieille eglise en yvelines;1.87583;48.6695;-512;54077;15233;484010
31700;78;sainte mesme;1.95604;48.5299;-420;53923;15732;483150
31701;78;chambourcy;2.03333;48.9;-329;54340;20225;485422
31702;78;chaufour les bonnieres;1.48333;49.0167;-948;54462;12900;490058
31703;78;le tertre saint denis;1.61667;48.9333;-812;54376;13620;485619
31704;78;les breviaires;1.81667;48.7;-581;54120;14850;484228
31705;78;boissy mauvoisin;1.58333;48.9667;-843;54403;13439;485746
31706;78;conde sur vesgre;1.66667;48.7333;-751;54157;13939;484430
31707;78;boinville en mantois;1.76667;48.9333;-644;54367;14525;485550
31708;78;orcemont;1.81667;48.5833;-584;53987;14838;483517
31709;78;rennemoulin;2.05;48.8333;-326;54260;20235;485001
31710;78;adainville;1.65;48.7167;-760;54137;13910;484322
31711;78;oinville sur montcient;1.85;49.0333;-541;54475;15058;490140
31712;78;bazainville;1.66667;48.8;-743;54227;14004;484814
31713;78;meulan en yvelines;1.9;49.0167;-478;54451;15423;490022
31714;78;rambouillet;1.83333;48.65;-563;54049;14948;483837
31715;78;marcq;1.81667;48.8667;-575;54288;14908;485134
31716;78;montesson;2.15;48.9167;-208;54343;20858;485431
31717;78;le tartre gaudran;1.6;48.7;-823;54110;13543;484157
31718;78;le vesinet;2.11667;48.9;-227;54327;20756;485338
31719;78;maisons laffitte;2.15;48.95;-213;54385;20842;485646
31720;78;bailly;2.08333;48.85;-288;54268;20438;485029
31721;78;maurepas;1.91667;48.7667;-434;54181;15644;484546
31722;78;tessancourt sur aubette;1.91667;49.0167;-462;54472;15513;490128
31723;78;saint leger en yvelines;1.76667;48.7167;-634;54135;14556;484317
31724;78;montchauvet;1.63333;48.9;-785;54324;13747;485329
31725;78;behoust;1.73333;48.8333;-684;54255;14314;484946
31726;78;la falaise;1.83333;48.95;-561;54383;14952;485639
31727;78;feucherolles;1.96667;48.8667;-404;54303;15823;485223
31728;78;goussonville;1.76667;48.9167;-635;54355;14553;485512
31729;78;orsonville;1.83528;48.4778;-557;53864;15007;482840
31730;78;villiers le mahieu;1.78333;48.8667;-627;54289;14621;485135
31731;78;galluis;1.8;48.8;-603;54217;14737;484744
31732;78;moisson;1.66667;49.0667;-744;54527;14001;490426
31733;78;dannemarie;1.61667;48.7667;-811;54180;13625;484542
31734;78;brueil en vexin;1.81972;49.0314;-574;54479;14911;490153
31735;78;allainville;1.9;48.4583;-489;53841;15347;482726
31736;78;cernay la ville;1.96667;48.6667;-402;54081;15829;484024
31737;78;la celle les bordes;1.95;48.6333;-425;54041;15715;483813
31738;78;bourdonne;1.66667;48.75;-748;54173;13948;484521
31739;78;soindres;1.66667;48.95;-735;54397;14031;485726
31740;78;jeufosse;1.55;49.0333;-879;54483;13245;490205
31741;78;evecquemont;1.95;49.0167;-435;54460;15640;490050
31742;78;houilles;2.2;48.9167;-165;54362;21118;485532
31743;78;gazeran;1.76667;48.6333;-625;54038;14625;483802
31744;78;flexanville;1.73333;48.85;-665;54282;14416;485115
31745;78;breval;1.53333;48.95;-892;54383;13201;485639
31746;78;nezel;1.83333;48.95;-556;54383;15011;485640
31747;78;hargeville;1.73333;48.9;-662;54323;14427;485325
31748;78;breuil bois robert;1.71667;48.95;-688;54384;14301;485645
31749;78;boinville le gaillard;1.86667;48.4917;-517;53881;15218;482935
31750;78;le port marly;2.11667;48.8833;-252;54310;20635;485245
31751;78;richebourg;1.64167;48.825;-777;54248;13815;484924
31752;78;civry la foret;1.61667;48.8667;-800;54296;13658;485200
31753;78;guerville;1.73333;48.9333;-668;54382;14406;485639
31754;78;bonnieres sur seine;1.58333;49.0333;-841;54484;13447;490207
31755;78;les mureaux;1.91667;49;-476;54437;15430;485935
31756;78;fourqueux;2.06667;48.8833;-301;54319;20355;485313
31757;78;emance;1.73333;48.5833;-674;53989;14348;483525
31758;78;villiers saint frederic;1.88333;48.8167;-496;54245;15324;484915
31759;78;sartrouville;2.18333;48.95;-185;54384;21012;485643
31760;78;rosay;1.68333;48.9167;-732;54352;14039;485501
31761;78;coignieres;1.91667;48.75;-463;54164;15513;484450
31762;78;la verriere;1.95;48.75;-416;54176;15744;484531
31763;78;aulnay sur mauldre;1.85;48.9333;-551;54366;15025;485544
31764;78;croissy sur seine;2.13333;48.8667;-216;54309;20832;485240
31765;78;medan;2;48.95;-378;54393;15946;485712
31766;78;tacoignieres;1.68333;48.8333;-735;54263;14029;485011
31767;78;saint martin de brethencourt;1.9275;48.5095;-455;53899;15539;483034
31768;78;saint lambert;2.01667;48.7333;-351;54147;20115;484355
31769;78;paray douaville;1.875;48.4667;-510;53848;15239;482749
31770;78;montainville;1.86667;48.8833;-528;54313;15140;485255
31771;78;porcheville;1.76667;48.9667;-621;54413;14641;485819
31772;78;jouy mauvoisin;1.65;48.9833;-765;54417;13853;485831
31773;78;bois d arcy;2.01667;48.8;-339;54224;20154;484805
31774;78;flacourt;1.65;48.9333;-766;54365;13848;485542
31775;78;triel sur seine;2;48.9833;-367;54423;20022;485851
31776;78;lainville en vexin;1.81667;49.0667;-578;54511;14860;490335
31777;78;autouillet;1.8;48.85;-592;54277;14814;485058
31778;78;levis saint nom;1.95;48.7167;-431;54135;15655;484317
31779;78;courgent;1.66667;48.9;-752;54325;13934;485334
31780;78;ecquevilly;1.91667;48.95;-461;54389;15517;485700
31781;78;morainvilliers;1.93333;48.9333;-444;54365;15613;485543
31782;78;menerville;1.6;48.95;-815;54394;13610;485715
31783;78;acheres;2.06667;48.9667;-298;54403;20407;485744
31784;78;neauphlette;1.53333;48.9333;-901;54368;13133;485552
31785;78;freneuse;1.6;49.05;-817;54497;13603;490250
31786;78;mareil marly;2.08333;48.8833;-289;54313;20436;485255
31787;78;bennecourt;1.56667;49.0333;-860;54489;13344;490225
31788;78;boinvilliers;1.66667;48.9167;-751;54353;13938;485504
31789;78;bouafle;1.9;48.9667;-489;54406;15347;485754
31790;78;mareil le guyon;1.85;48.7833;-537;54212;15110;484725
31791;78;carrieres sous poissy;2.03333;48.95;-331;54387;20219;485652
31792;78;orphin;1.78333;48.5833;-617;53976;14652;483443
31793;78;saint nom la breteche;2.01667;48.85;-350;54289;20116;485135
31794;78;fontenay saint pere;1.75;49.0333;-650;54475;14506;490137
31795;78;perdreauville;1.625;48.9583;-786;54405;13743;485752
31796;78;follainville dennemont;1.71667;49.0167;-692;54468;14250;490114
31797;78;blaru;1.48333;49.05;-953;54499;12842;490256
31798;78;auffreville brasseuil;1.71056;48.9539;-696;54393;14238;485714
31799;78;millemont;1.73333;48.8;-658;54233;14440;484834
31800;78;poissy;2.05;48.9333;-324;54365;20241;485544
31801;78;arnouville les mantes;1.73333;48.9;-674;54345;14348;485437
31802;78;les essarts le roi;1.9;48.7167;-491;54130;15340;484300
31803;78;prunay en yvelines;1.79528;48.5281;-601;53920;14743;483141
31804;78;marly le roi;2.08333;48.8667;-269;54297;20539;485201
31805;78;boissets;1.58333;48.85;-837;54291;13501;485141
31806;78;davron;1.93333;48.8667;-433;54295;15648;485156
31807;78;carrieres sur seine;2.18333;48.9167;-176;54342;21041;485429
31808;78;sailly;1.8;49.0333;-596;54489;14801;490225
31809;78;buchelay;1.66667;48.9833;-738;54422;14022;485847
31810;78;longnes;1.58333;48.9167;-832;54356;13515;485515
31811;78;grandchamp;1.61667;48.7167;-817;54120;13604;484228
31812;78;saint illiers le bois;1.5;48.9667;-921;54398;13026;485729
31813;78;gambais;1.66667;48.7667;-737;54193;14023;484623
31814;78;ablis;1.84167;48.5167;-557;53907;15008;483060
31815;78;verneuil sur seine;1.98333;48.9833;-403;54422;15826;485847
31816;78;tilly;1.575;48.8833;-845;54314;13433;485256
31817;78;mezy sur seine;1.88111;49.002;-506;54447;15252;490007
31818;78;saint germain de la grange;1.9;48.8333;-486;54260;15358;485001
31819;78;andresy;2.06667;48.9833;-309;54423;20330;485851
31820;78;les loges en josas;2.13333;48.7667;-217;54181;20830;484546
31821;78;epone;1.81667;48.95;-579;54395;14855;485721
31822;78;bazoches sur guyonne;1.85;48.7833;-529;54198;15137;484642
31823;78;jambville;1.85;49.05;-537;54496;15111;490246
31824;78;montfort l amaury;1.81667;48.7833;-586;54197;14833;484638
31825;78;hermeray;1.68806;48.65;-721;54056;14117;483860
31826;78;plaisir;1.95;48.8167;-433;54242;15647;484904
31827;78;magny les hameaux;2.06667;48.7333;-281;54138;20503;484326
31828;78;mulcent;1.65;48.8833;-761;54310;13906;485244
31829;78;mousseaux sur seine;1.65;49.05;-767;54492;13847;490234
31830;78;mantes la ville;1.71667;48.9667;-695;54416;14239;485827
31831;78;la queue les yvelines;1.76667;48.8;-631;54228;14606;484819
31832;78;gargenville;1.81667;49;-585;54436;14837;485931
31833;78;jumeauville;1.78333;48.9167;-609;54345;14717;485439
31834;78;la villeneuve en chevrie;1.53333;49.0167;-900;54461;13136;490054
31835;78;flins neuve eglise;1.58333;48.8833;-841;54324;13445;485328
31836;78;mezieres sur seine;1.8;48.9667;-592;54398;14814;485729
31837;78;choisel;2.01667;48.6833;-354;54096;20104;484111
31838;78;limetz villez;1.54861;49.0612;-875;54512;13255;490340
31839;78;goupillieres;1.76667;48.8833;-635;54311;14554;485247
31840;78;l etang la ville;2.06667;48.8667;-295;54299;20416;485208
31841;78;mondreville;1.55;48.9;-871;54337;13311;485412
31842;78;mareil sur mauldre;1.86667;48.9;-519;54328;15208;485341
31843;78;gressey;1.6;48.8333;-809;54260;13632;485002
31844;78;port villez;1.53333;49.05;-905;54514;13121;490344
31845;78;rosny sur seine;1.63333;49;-783;54444;13754;485959
31846;78;chavenay;1.98333;48.85;-389;54282;15911;485114
31847;78;saint remy l honore;1.88333;48.75;-506;54174;15251;484523
31848;78;vicq;1.83333;48.8167;-558;54239;15005;484855
31849;78;saint cyr l ecole;2.06667;48.8;-304;54222;20345;484801
31850;78;maulette;1.61667;48.8;-796;54214;13714;484735
31851;78;la boissiere ecole;1.65;48.6833;-771;54093;13834;484059
31852;78;neauphle le vieux;1.86667;48.8167;-526;54240;15147;484857
31853;78;bonnelles;2.03333;48.6167;-343;54021;20140;483707
31854;78;orgerus;1.7;48.8333;-707;54266;14202;485021
31855;78;garancieres;1.75;48.8167;-646;54247;14517;484919
31856;78;versailles;2.13333;48.8;-225;54227;20803;484817
31857;78;vaux sur seine;1.96667;49.0167;-415;54453;15747;490028
31858;78;gambaiseuil;1.73333;48.75;-672;54174;14355;484524
31859;78;guyancourt;2.06667;48.7667;-293;54190;20423;484614
31860;78;buc;2.13333;48.7667;-235;54193;20731;484624
31861;78;bullion;2;48.6167;-378;54024;15945;483719
31862;78;chatou;2.15;48.8833;-199;54323;20925;485326
31863;78;auffargis;1.88333;48.7;-499;54111;15314;484201
31864;78;guernes;1.63333;49.0167;-779;54457;13809;490040
31865;78;trappes;2;48.7833;-372;54196;20006;484636
31866;78;gommecourt;1.6;49.0833;-826;54530;13534;490435
31867;78;thoiry;1.8;48.8667;-603;54295;14738;485156
31868;78;sonchamp;1.88333;48.5833;-510;53973;15240;483433
31869;78;toussus le noble;2.11667;48.75;-247;54163;20651;484449
31870;78;vernouillet;1.98333;48.9667;-393;54414;15860;485820
31871;78;les alluets le roi;1.91667;48.9167;-464;54349;15509;485451
31872;78;favrieux;1.65;48.95;-771;54382;13832;485639
31873;78;fontenay le fleury;2.05;48.8167;-320;54237;20255;484849
31874;78;crespieres;1.93333;48.8833;-461;54315;15518;485259
31875;78;le chesnay;2.125;48.825;-229;54245;20749;484913
31876;78;mericourt;1.63333;49.0333;-788;54485;13737;490211
31877;78;beynes;1.86667;48.85;-515;54285;15222;485123
31878;78;bougival;2.13333;48.8667;-219;54294;20822;485154
31879;78;rocquencourt;2.11667;48.8333;-251;54263;20639;485012
31880;78;louveciennes;2.11667;48.8667;-245;54289;20659;485137
31881;78;guitrancourt;1.78333;49.0167;-622;54454;14637;490031
31882;78;drocourt;1.76667;49.05;-634;54508;14557;490325
31883;78;magnanville;1.68333;48.9667;-727;54408;14055;485802
31884;78;maule;1.85;48.9167;-542;54343;15054;485432
31885;78;les mesnuls;1.83333;48.75;-554;54174;15017;484523
31886;78;conflans sainte honorine;2.1;48.9833;-269;54441;20540;485950
31887;78;flins sur seine;1.86667;48.9667;-515;54405;15222;485752
31888;78;septeuil;1.68333;48.9;-728;54325;14053;485333
31889;78;raizeux;1.68333;48.6167;-726;54027;14101;483727
31890;78;boissy sans avoir;1.8;48.8167;-603;54245;14737;484914
31891;78;prunay le temple;1.68333;48.8667;-737;54290;14024;485140
31892;78;mantes la jolie;1.71667;48.9833;-689;54434;14300;485926
31893;78;dammartin en serve;1.61667;48.9;-797;54337;13709;485411
31894;78;bazemont;1.86667;48.9333;-524;54365;15154;485541
31895;78;milon la chapelle;2.05;48.7333;-319;54140;20257;484335
31896;78;saint germain en laye;2.08333;48.9;-273;54329;20526;485347
31897;78;montalet le bois;1.83333;49.05;-567;54496;14933;490247
31898;78;aubergenville;1.85;48.9667;-535;54398;15118;485730
31899;78;voisins le bretonneux;2.05;48.75;-317;54176;20303;484530
31900;78;poigny la foret;1.75;48.6833;-648;54087;14513;484040
31901;78;orvilliers;1.63333;48.8667;-771;54288;13833;485133
31902;78;mittainville;1.65;48.6667;-794;54073;13719;483957
31903;78;maurecourt;2.06667;49;-305;54441;20343;485950
31904;78;les clayes sous bois;1.98333;48.8167;-392;54245;15901;484914
31905;78;cravent;1.48333;49;-943;54435;12917;485928
31906;78;le pecq;2.1;48.9;-256;54330;20622;485348
31907;78;le perray en yvelines;1.85;48.7;-536;54105;15115;484139
31908;78;neauphle le chateau;1.9;48.8167;-483;54238;15408;484852
31909;78;auteuil;1.81667;48.8333;-577;54267;14902;485026
31910;78;villepreux;2.01667;48.8333;-371;54256;20008;484948
31911;78;osmoy;1.71667;48.8667;-689;54293;14258;485148
31912;78;montigny le bretonneux;2.03333;48.7667;-338;54189;20157;484614
31913;78;noisy le roi;2.06667;48.85;-307;54274;20336;485047
31914;78;elancourt;1.95;48.7833;-421;54204;15729;484702
31915;78;vert;1.7;48.9333;-717;54380;14127;485629
31916;78;herbeville;1.88333;48.9;-500;54340;15311;485422
31917;78;saint forget;2;48.7;-378;54120;15946;484227
31918;78;jouy en josas;2.16667;48.7667;-188;54187;21001;484605
31919;78;juziers;1.85;49;-545;54436;15044;485933
31920;78;longvilliers;1.98333;48.5833;-383;53977;15932;483444
31921;78;hardricourt;1.9;49;-492;54454;15337;490030
31922;78;saint illiers la ville;1.55;48.9833;-884;54418;13226;485834
31923;78;gaillon sur montcient;1.89306;49.0259;-493;54473;15335;490133
31924;78;viroflay;2.16667;48.8;-182;54222;21020;484800
31925;78;villennes sur seine;2;48.95;-376;54377;15952;485621
31926;78;orgeval;1.98333;48.9167;-401;54356;15833;485514
31927;78;limay;1.73333;48.9833;-667;54437;14409;485936
31928;78;jouars pontchartrain;1.9;48.7833;-483;54226;15405;484811
31929;78;senlisse;1.98333;48.6833;-394;54097;15854;484113
31930;78;fontenay mauvoisin;1.65;48.9667;-761;54405;13905;485751
31931;78;le mesnil le roi;2.12667;48.9367;-233;54374;20736;485612
31932;78;chevreuse;2.05;48.7;-331;54120;20218;484227
31933;78;saint martin la garenne;1.7;49.0333;-720;54489;14120;490225
31934;78;la celle saint cloud;2.15;48.85;-213;54278;20842;485100
31935;78;thiverval grignon;1.91667;48.85;-466;54279;15502;485104
31936;78;le tremblay sur mauldre;1.86667;48.7833;-509;54197;15242;484639
31937;78;velizy villacoublay;2.18333;48.8;-165;54204;21118;484700
31938;78;dampierre en yvelines;1.98417;48.7039;-392;54116;15903;484214
31939;78;saint hilarion;1.73333;48.6167;-670;54023;14400;483713
31940;78;clairefontaine en yvelines;1.90806;48.6125;-476;54014;15429;483645
31941;78;aigremont;2.01667;48.9;-353;54337;20109;485410
31942;78;mere;1.81667;48.7833;-577;54207;14902;484710
31943;78;grosrouvre;1.76667;48.7833;-638;54202;14544;484656
31944;78;le mesnil saint denis;1.96667;48.7333;-415;54160;15747;484437
31945;78;saint martin des champs;1.71667;48.8833;-688;54313;14301;485253
31946;78;rolleboise;1.61667;49.0167;-810;54465;13627;490108
31947;78;issou;1.78333;49;-604;54432;14733;485921
31948;78;lommoye;1.51667;49;-914;54438;13050;485938
31949;78;saulx marchais;1.83333;48.8333;-556;54267;15009;485025
31950;78;la hauteville;1.61667;48.7;-796;54116;13714;484217
31951;78;saint remy les chevreuse;2.08333;48.7;-294;54118;20419;484221
31952;78;houdan;1.6;48.7833;-817;54212;13606;484727
31953;78;saint arnoult en yvelines;1.93333;48.5667;-440;53968;15626;483418
31954;78;rochefort en yvelines;1.98333;48.5833;-387;53984;15916;483509
31955;78;chateaufort;2.1;48.7333;-273;54152;20528;484411
31956;78;ponthevrard;1.9;48.55;-474;53946;15436;483305
31957;78;villette;1.7;48.9333;-716;54364;14131;485538
31958;78;chapet;1.93333;48.9667;-448;54407;15601;485759
31959;78;andelu;1.81667;48.8833;-568;54312;14930;485249
35705;91;janvry;2.15;48.65;-204;54053;20912;483851
35706;91;brunoy;2.5;48.7;185;54109;23012;484153
35707;91;boissy sous saint yon;2.21667;48.55;-141;53951;21234;483322
35708;91;villebon sur yvette;2.25;48.7;-102;54113;21442;484205
35709;91;monnerville;2.05;48.35;-324;53719;20240;482049
35710;91;gironville sur essonne;2.37806;48.3731;46;53748;22241;482223
35711;91;saint hilaire;2.06667;48.4333;-289;53815;20434;482601
35712;91;evry;2.45;48.6333;119;54038;22639;483802
35713;91;leudeville;2.31667;48.5667;-12;53962;21934;483356
35714;91;valpuiseaux;2.31667;48.3833;-36;53771;21813;482338
35715;91;dourdan;2.01667;48.5333;-362;53921;20039;483144
35716;91;estouches;2.13333;48.3;-225;53670;20801;481810
35717;91;draveil;2.41667;48.6833;81;54096;22434;484110
35718;91;marolles en beauce;2.2;48.3667;-151;53750;21201;482230
35719;91;mennecy;2.43333;48.5667;111;53962;22610;483355
35720;91;grigny;2.38333;48.65;57;54063;22317;483924
35721;91;vert le petit;2.36667;48.55;34;53947;22201;483307
35722;91;oncy sur ecole;2.47334;48.3831;152;53759;22824;482259
35723;91;guillerval;2.1;48.3667;-261;53738;20606;482153
35724;91;wissous;2.33333;48.7333;-10;54146;21938;484351
35725;91;vayres sur essonne;2.35889;48.4328;25;53814;22132;482558
35726;91;abbeville la riviere;2.16667;48.35;-189;53718;21000;482047
35727;91;avrainville;2.25;48.5667;-98;53958;21453;483344
35728;91;ris orangis;2.41667;48.65;85;54057;22447;483904
35729;91;bures sur yvette;2.16667;48.7;-195;54107;20941;484148
35730;91;palaiseau;2.25;48.7167;-96;54131;21459;484306
35731;91;arpajon;2.25;48.5833;-99;53989;21452;483525
35732;91;guigneville sur essonne;2.35306;48.4675;18;53853;22111;482803
35733;91;epinay sur orge;2.33333;48.6667;-10;54082;21938;484026
35734;91;blandy;2.25833;48.3167;-88;53682;21528;481849
35735;91;boussy saint antoine;2.53333;48.6833;218;54101;23157;484127
35736;91;villabe;2.45;48.5833;133;53987;22722;483518
35737;91;la ville du bois;2.26667;48.65;-75;54067;21609;483938
35738;91;angervilliers;2.06667;48.5833;-301;53992;20355;483534
35739;91;echarcon;2.4;48.5667;83;53969;22440;483420
35740;91;ormoy;2.43333;48.5667;123;53973;22648;483434
35741;91;cerny;2.31667;48.4667;-9;53863;21941;482837
35742;91;verrieres le buisson;2.26667;48.75;-82;54164;21546;484451
35743;91;boissy le cutte;2.28333;48.4667;-58;53857;21703;482818
35744;91;crosne;2.45;48.7167;139;54127;22740;484253
35745;91;moigny sur ecole;2.45695;48.4328;134;53814;22725;482558
35746;91;longpont sur orge;2.28333;48.6333;-50;54048;21730;483834
35747;91;mondeville;2.41667;48.4833;88;53879;22456;482928
35748;91;saint michel sur orge;2.3;48.6333;-38;54036;21810;483757
35749;91;ballainvilliers;2.28333;48.6667;-45;54084;21747;484031
35750;91;villejust;2.23333;48.6833;-111;54092;21411;484057
35751;91;saint escobille;1.96667;48.4333;-412;53811;15756;482547
35752;91;saint pierre du perray;2.5;48.6167;176;54014;22943;483647
35753;91;merobert;2;48.4167;-366;53795;20026;482457
35754;91;ballancourt sur essonne;2.38556;48.5256;54;53917;22308;483132
35755;91;maisse;2.38333;48.4;44;53772;22234;482341
35756;91;chamarande;2.21667;48.5167;-134;53906;21259;483056
35757;91;milly la foret;2.46667;48.4;145;53782;22801;482415
35758;91;breux jouy;2.155;48.5595;-202;53955;20918;483334
35759;91;le plessis pate;2.31667;48.6167;-8;54016;21945;483650
35760;91;auvers saint georges;2.23333;48.4833;-130;53880;21309;482933
35761;91;auvernaux;2.48333;48.5333;174;53921;22935;483144
35762;91;morsang sur seine;2.5;48.5667;173;53968;22933;483416
35763;91;vigneux sur seine;2.41667;48.7;90;54112;22502;484201
35764;91;champcueil;2.45;48.5167;123;53906;22648;483055
35765;91;courcouronnes;2.4;48.6167;78;54020;22425;483705
35766;91;boigneville;2.36667;48.3333;39;53706;22218;482008
35767;91;etrechy;2.2;48.5;-162;53881;21128;482935
35768;91;authon la plaine;1.95;48.45;-422;53834;15724;482702
35769;91;boissy la riviere;2.15;48.3667;-202;53750;20917;482229
35770;91;saintry sur seine;2.5;48.6;178;53990;22949;483527
35771;91;montlhery;2.26667;48.6333;-71;54043;21620;483819
35772;91;fleury merogis;2.36667;48.6333;28;54033;22141;483746
35773;91;saint sulpice de favieres;2.18333;48.5333;-174;53935;21048;483230
35774;91;varennes jarcy;2.55972;48.6781;248;54087;23335;484041
35775;91;videlles;2.43333;48.4667;106;53849;22553;482752
35776;91;quincy sous senart;2.53333;48.6667;219;54079;23202;484016
35777;91;orveau;2.28333;48.45;-49;53831;21733;482653
35778;91;les granges le roi;2.01667;48.5;-353;53891;20109;483006
35779;91;gometz le chatel;2.13333;48.6833;-220;54087;20819;484043
35780;91;boutigny sur essonne;2.3775;48.4359;45;53818;22239;482609
35781;91;mereville;2.08333;48.3167;-278;53683;20511;481854
35782;91;boutervilliers;2.05;48.45;-312;53836;20320;482709
35783;91;mauchamps;2.18333;48.5333;-158;53923;21139;483149
35784;91;igny;2.21667;48.7333;-123;54158;21334;484432
35785;91;viry chatillon;2.38333;48.6667;44;54077;22233;484010
35786;91;bouville;2.3;48.4333;-75;53813;21610;482553
35787;91;etampes;2.15;48.4333;-194;53817;20944;482606
35788;91;gometz la ville;2.11667;48.6667;-232;54080;20741;484018
35789;91;arrancourt;2.16667;48.3333;-195;53714;20940;482032
35790;91;bievres;2.21667;48.75;-135;54173;21254;484520
35791;91;d huison longueville;2.33333;48.45;-18;53842;21914;482729
35792;91;chatignonville;1.93333;48.4667;-450;53853;15554;482803
35793;91;dannemois;2.46667;48.45;156;53836;22836;482709
35794;91;chevannes;2.43333;48.5333;119;53924;22636;483153
35795;91;forges les bains;2.1;48.6167;-264;54031;20557;483741
35796;91;angerville;2;48.3167;-376;53678;15954;481837
35797;91;corbeil essonnes;2.48333;48.6;154;54011;22829;483637
35798;91;le val saint germain;2.06667;48.5667;-303;53961;20350;483354
35799;91;puiselet le marais;2.26667;48.4;-83;53784;21544;482419
35800;91;bois herpin;2.23333;48.3667;-113;53744;21404;482212
35801;91;orsay;2.18333;48.7;-166;54109;21115;484153
35802;91;tigery;2.5;48.6333;191;54045;23031;483825
35803;91;fontenay le vicomte;2.4;48.55;69;53941;22357;483250
35804;91;massy;2.28333;48.7333;-67;54145;21635;484350
35805;91;la ferte alais;2.35;48.4833;13;53870;22055;482858
35806;91;yerres;2.5;48.7167;171;54129;22927;484258
35807;91;paray vieille poste;2.36667;48.7167;29;54120;22146;484229
35808;91;saint germain les arpajon;2.25;48.6;-90;53995;21520;483543
35809;91;saint maurice montcouronne;2.11667;48.5833;-234;53981;20734;483457
35810;91;gif sur yvette;2.13333;48.6833;-225;54113;20801;484205
35811;91;pussay;2;48.35;-382;53721;15934;482057
35812;91;morangis;2.33333;48.7;-2;54118;22005;484223
35813;91;villiers sur orge;2.3;48.65;-37;54064;21810;483928
35814;91;la foret sainte croix;2.23333;48.3833;-118;53761;21350;482305
35815;91;guibeville;2.26667;48.5667;-73;53968;21616;483416
35816;91;chilly mazarin;2.3;48.7;-23;54117;21858;484219
35817;91;champmotteux;2.31667;48.35;-19;53715;21909;482036
35818;91;bouray sur juine;2.3;48.5167;-43;53911;21751;483112
35819;91;soisy sur ecole;2.48333;48.4667;176;53861;22940;482830
35820;91;souzy la briche;2.15;48.5333;-209;53921;20853;483145
35821;91;la norville;2.26667;48.5833;-85;53984;21535;483507
35822;91;epinay sous senart;2.51667;48.6833;199;54104;23057;484135
35823;91;brieres les scelles;2.13333;48.45;-219;53842;20821;482727
35824;91;nainville les roches;2.5;48.5;176;53895;22940;483021
35825;91;les ulis;2.1675;48.6823;-188;54091;21003;484056
35826;91;athis mons;2.4;48.7167;59;54121;22321;484231
35827;91;leuville sur orge;2.25;48.6167;-80;54019;21552;483701
35828;91;soisy sur seine;2.45;48.65;128;54052;22708;483849
35829;91;fontenay les briis;2.15;48.6167;-201;54022;20920;483711
35830;91;saint cyr la riviere;2.13333;48.35;-210;53729;20852;482123
35831;91;lisses;2.41667;48.6;100;53998;22535;483552
35832;91;baulne;2.35;48.5;26;53880;22135;482932
35833;91;briis sous forges;2.11667;48.6167;-236;54027;20726;483728
35834;91;nozay;2.23333;48.65;-104;54067;21434;483937
35835;91;ormoy la riviere;2.15;48.4;-208;53782;20858;482413
35836;91;champlan;2.26667;48.7;-69;54121;21628;484231
35837;91;roinvilliers;2.23333;48.35;-106;53729;21428;482123
35838;91;richarville;2;48.4667;-373;53857;20003;482818
35839;91;courson monteloup;2.15;48.6;-213;53992;20841;483532
35840;91;congerville thionville;1.99445;48.3778;-380;53753;15940;482240
35841;91;marcoussis;2.23333;48.6333;-119;54046;21347;483830
35842;91;boullay les troux;2.05;48.6833;-320;54087;20254;484043
35843;91;la foret le roi;2.03333;48.4833;-327;53865;20231;482843
35844;91;vaugrigneuse;2.11667;48.6;-238;54003;20721;483609
35845;91;janville sur juine;2.26667;48.5167;-75;53907;21610;483059
35846;91;etiolles;2.46667;48.6333;151;54040;22822;483809
35847;91;linas;2.26667;48.6333;-77;54037;21602;483800
35848;91;saclas;2.11667;48.3667;-235;53733;20731;482135
35849;91;chauffour les etrechy;2.16667;48.5;-186;53894;21008;483015
35850;91;saint jean de beauregard;2.16667;48.6667;-188;54071;21004;483949
35851;91;morsang sur orge;2.35;48.6667;16;54071;22105;483948
35852;91;juvisy sur orge;2.38333;48.6833;46;54098;22239;484118
35853;91;chalo saint mars;2.06667;48.4333;-300;53808;20358;482537
35854;91;vauhallan;2.2;48.7333;-143;54149;21227;484402
35855;91;chalou moulineux;2.01667;48.3833;-350;53761;20119;482306
35856;91;vert le grand;2.36667;48.5667;24;53969;22128;483420
35857;91;montgeron;2.45;48.7;132;54119;22719;484227
35858;91;saulx les chartreux;2.26667;48.6833;-78;54103;21559;484132
35859;91;pecqueuse;2.05;48.65;-320;54052;20255;483847
35860;91;corbreuse;1.95;48.5;-417;53888;15740;482956
35861;91;bretigny sur orge;2.31667;48.6167;-32;54011;21828;483634
35862;91;boissy le sec;2.08333;48.4667;-274;53864;20525;482838
35863;91;villemoisson sur orge;2.31667;48.6667;-6;54072;21951;483955
35864;91;saint cheron;2.11667;48.55;-235;53948;20729;483313
35865;91;bondoufle;2.38333;48.6167;49;54015;22250;483648
35866;91;le coudray montceaux;2.5;48.5667;166;53962;22910;483357
35867;91;roinville;2.03333;48.5333;-324;53924;20243;483153
35868;91;brouy;2.26667;48.3167;-64;53686;21645;481901
35869;91;saint vrain;2.33333;48.5333;-2;53935;22005;483229
35870;91;sermaise;2.08333;48.5333;-284;53929;20450;483210
35871;91;saint aubin;2.13333;48.7167;-217;54126;20829;484249
35872;91;villeneuve sur auvers;2.25;48.4667;-97;53862;21457;482832
35873;91;saclay;2.16667;48.7333;-181;54145;21024;484351
35874;91;egly;2.21667;48.5833;-125;53978;21326;483450
35875;91;morigny champigny;2.2;48.45;-170;53829;21060;482647
35876;91;prunay sur essonne;2.37361;48.3575;41;53731;22225;482127
35877;91;saint germain les corbeil;2.48333;48.6167;170;54023;22921;483714
35878;91;buno bonnevaux;2.38333;48.35;57;53735;22318;482140
35879;91;torfou;2.23333;48.5333;-122;53924;21336;483153
35880;91;fontaine la riviere;2.15;48.35;-202;53729;20918;482121
35881;91;itteville;2.33333;48.5167;6;53905;22031;483051
35882;91;breuillet;2.16667;48.5667;-183;53962;21017;483358
35883;91;villiers le bacle;2.11667;48.7167;-234;54140;20733;484332
35884;91;cheptainville;2.26667;48.55;-76;53944;21605;483260
35885;91;lardy;2.26667;48.5167;-79;53914;21555;483120
35886;91;marolles en hurepoix;2.3;48.5667;-42;53958;21754;483345
35887;91;villeconin;2.11667;48.5167;-237;53904;20725;483049
35888;91;sainte genevieve des bois;2.33333;48.6333;-5;54042;21956;483816
35889;91;bruyeres le chatel;2.2;48.6;-161;53992;21131;483534
35890;91;savigny sur orge;2.35;48.6667;18;54082;22109;484026
35891;91;saint cyr sous dourdan;2.03333;48.5667;-334;53965;20210;483407
35892;91;ollainville;2.21667;48.5833;-130;53989;21309;483523
35893;91;mespuits;2.26667;48.35;-72;53730;21620;482125
35894;91;plessis saint benoist;2;48.4333;-367;53826;20021;482636
35895;91;courdimanche sur essonne;2.37778;48.4181;46;53798;22240;482505
35896;91;courances;2.46667;48.4333;154;53822;22829;482623
35897;91;limours;2.08333;48.65;-289;54051;20434;483844
35898;91;les molieres;2.06667;48.6667;-297;54080;20408;484020
35899;91;longjumeau;2.3;48.7;-46;54108;21744;484149
35900;91;saint yon;2.18333;48.5667;-168;53958;21107;483345
35901;92;neuilly sur seine;2.26667;48.8833;-77;54319;21603;485314
35902;92;chatillon;2.28333;48.8;-53;54224;21719;484804
35903;92;bois colombes;2.26667;48.9167;-76;54353;21606;485503
35904;92;puteaux;2.23333;48.8667;-109;54316;21417;485303
35905;92;clamart;2.26667;48.8;-83;54223;21543;484803
35906;92;meudon;2.24167;48.8083;-107;54231;21425;484827
35907;92;marnes la coquette;2.175;48.8333;-177;54256;21038;484949
35908;92;issy les moulineaux;2.26667;48.8167;-75;54248;21609;484923
35909;92;vaucresson;2.175;48.8333;-204;54269;20910;485033
35910;92;rueil malmaison;2.2;48.8833;-165;54309;21118;485240
35911;92;antony;2.3;48.75;-44;54170;21748;484512
35912;92;le plessis robinson;2.26667;48.7833;-81;54204;21549;484660
35913;92;levallois perret;2.28333;48.9;-54;54326;21716;485336
35914;92;boulogne billancourt;2.25;48.8333;-106;54262;21429;485007
35915;92;asnieres sur seine;2.28556;48.9112;-57;54346;21708;485440
35916;92;colombes;2.25;48.9167;-94;54360;21508;485525
35917;92;fontenay aux roses;2.28333;48.7833;-57;54210;21708;484721
35918;92;garches;2.18333;48.8417;-166;54273;21113;485044
35919;92;villeneuve la garenne;2.33333;48.9333;-10;54375;21940;485614
35920;92;courbevoie;2.25222;48.8973;-94;54330;21508;485350
35921;92;montrouge;2.31667;48.8167;-17;54241;21916;484859
35922;92;chatenay malabry;2.26667;48.7667;-65;54184;21641;484555
35923;92;clichy;2.3;48.9;-35;54337;21820;485413
35924;92;vanves;2.3;48.8333;-53;54244;21720;484912
35925;92;ville d avray;2.19167;48.825;-159;54251;21136;484934
35926;92;suresnes;2.23333;48.8667;-122;54301;21337;485216
35927;92;sevres;2.2;48.8167;-140;54248;21239;484923
35928;92;sceaux;2.28333;48.7833;-51;54198;21726;484643
35929;92;chaville;2.2;48.8;-164;54232;21119;484831
35930;92;la garenne colombes;2.25;48.9;-103;54339;21437;485418
35931;92;gennevilliers;2.3;48.9333;-35;54369;21817;485557
35932;92;nanterre;2.2;48.9;-148;54323;21213;485326
35933;92;saint cloud;2.21667;48.8417;-135;54274;21255;485047
35934;92;malakoff;2.3;48.8167;-42;54241;21757;484902
35935;92;bagneux;2.3;48.8;-27;54220;21845;484752
35936;92;bourg la reine;2.31667;48.775;-23;54198;21857;484641
35937;93;le bourget;2.41667;48.9333;98;54372;22528;485604
35938;93;bagnolet;2.41667;48.8667;89;54297;22501;485201
35939;93;la courneuve;2.38333;48.9167;66;54368;22345;485553
35940;93;les pavillons sous bois;2.51667;48.9;193;54340;23038;485421
35941;93;sevran;2.53333;48.9333;207;54379;23122;485629
35942;93;villemomble;2.5;48.8833;194;54323;23040;485325
35943;93;montreuil;2.43333;48.8667;118;54289;22635;485137
35944;93;livry gargan;2.55;48.9167;221;54354;23207;485506
35945;93;aulnay sous bois;2.51667;48.95;174;54374;22935;485611
35946;93;dugny;2.41667;48.95;89;54393;22459;485713
35947;93;coubron;2.58333;48.9167;268;54350;23439;485455
35948;93;villetaneuse;2.34167;48.9583;8;54405;22039;485752
35949;93;le raincy;2.51667;48.9;207;54332;23123;485357
35950;93;saint denis;2.35833;48.9333;19;54373;22114;485608
35951;93;les lilas;2.43333;48.8833;89;54311;22501;485248
35952;93;clichy sous bois;2.55;48.9167;234;54344;23250;485433
35953;93;noisy le grand;2.56667;48.85;246;54271;23329;485038
35954;93;romainville;2.43333;48.8833;111;54315;22610;485301
35955;93;aubervilliers;2.38333;48.9167;51;54346;22257;485440
35956;93;noisy le sec;2.46667;48.8833;130;54323;22713;485327
35957;93;villepinte;2.53333;48.9667;215;54401;23149;485738
35958;93;bobigny;2.45;48.9;114;54344;22619;485435
35959;93;pierrefitte sur seine;2.36667;48.9667;27;54405;22139;485753
35960;93;tremblay en france;2.57639;48.9562;267;54396;23435;485722
35961;93;vaujours;2.56667;48.9333;262;54371;23419;485602
35962;93;montfermeil;2.56667;48.9;254;54332;23353;485354
35963;93;l ile saint denis;2.33333;48.9333;3;54373;22023;485609
35964;93;le pre saint gervais;2.4;48.8833;75;54317;22414;485306
35965;93;stains;2.38333;48.95;51;54395;22256;485719
35966;93;pantin;2.4;48.9;79;54331;22426;485353
35967;93;neuilly plaisance;2.51667;48.8667;193;54290;23035;485139
35968;93;rosny sous bois;2.48333;48.8667;165;54304;22907;485223
35969;93;saint ouen;2.33333;48.9;-4;54341;21959;485425
35970;93;gournay sur marne;2.56667;48.8667;266;54289;23435;485135
35971;93;bondy;2.46667;48.9;163;54336;22901;485410
35972;93;epinay sur seine;2.30833;48.95;-31;54394;21830;485717
35973;93;neuilly sur marne;2.53333;48.85;216;54287;23152;485128
35974;93;drancy;2.45;48.9333;121;54359;22642;485524
35975;93;le blanc mesnil;2.45;48.9333;138;54376;22740;485619
35976;93;gagny;2.53333;48.8833;225;54313;23220;485254
35977;94;fontenay sous bois;2.48333;48.85;156;54280;22838;485106
35978;94;santeny;2.56667;48.7167;262;54140;23420;484333
35979;94;l hay les roses;2.33333;48.7833;1;54199;22014;484645
35980;94;limeil brevannes;2.48333;48.7333;169;54163;22918;484447
35981;94;alfortville;2.41667;48.8;97;54220;22527;484751
35982;94;le plessis trevise;2.56667;48.8167;261;54235;23418;484840
35983;94;choisy le roi;2.41667;48.7667;79;54185;22428;484559
35984;94;saint mande;2.41667;48.8333;90;54268;22504;485029
35985;94;fresnes;2.31667;48.75;-14;54177;21925;484532
35986;94;villiers sur marne;2.55;48.8333;231;54253;23241;484939
35987;94;le kremlin bicetre;2.36667;48.8167;24;54233;22129;484836
35988;94;boissy saint leger;2.51667;48.75;193;54167;23035;484501
35989;94;la queue en brie;2.58333;48.7833;267;54211;23436;484722
35990;94;ormesson sur marne;2.55;48.7833;224;54207;23218;484709
35991;94;arcueil;2.33333;48.8;-1;54230;22007;484824
35992;94;marolles en brie;2.55;48.7333;238;54147;23303;484357
35993;94;villecresnes;2.53333;48.7167;219;54135;23203;484317
35994;94;le perreux sur marne;2.5;48.85;186;54269;23013;485032
35995;94;valenton;2.46667;48.75;145;54161;22802;484442
35996;94;nogent sur marne;2.48333;48.8333;162;54263;22857;485012
35997;94;cachan;2.33333;48.7833;-5;54213;21955;484731
35998;94;saint maur des fosses;2.5;48.8;180;54221;22956;484755
35999;94;rungis;2.35;48.75;15;54165;22059;484454
36000;94;thiais;2.38333;48.7667;61;54183;22329;484552
36001;94;sucy en brie;2.53333;48.7667;207;54189;23122;484611
36002;94;mandres les roses;2.55;48.7;231;54114;23240;484208
36003;94;vincennes;2.43333;48.85;114;54276;22621;485052
36004;94;charenton le pont;2.41667;48.8167;84;54246;22443;484917
36005;94;saint maurice;2.45833;48.8167;109;54243;22605;484906
36006;94;bry sur marne;2.51667;48.8333;206;54268;23120;485028
36007;94;bonneuil sur marne;2.48333;48.7667;168;54194;22915;484627
36008;94;joinville le pont;2.46667;48.8167;151;54246;22822;484917
36009;94;ablon sur seine;2.41667;48.7167;94;54140;22516;484332
36010;94;noiseau;2.55;48.7833;234;54197;23250;484637
36011;94;gentilly;2.33333;48.8167;9;54237;22040;484848
36012;94;villejuif;2.36667;48.8;27;54215;22140;484738
36013;94;vitry sur seine;2.4;48.7833;63;54209;22334;484715
36014;94;chevilly larue;2.35;48.7667;19;54185;22112;484559
36015;94;chennevieres sur marne;2.51667;48.8;219;54220;23202;484754
36016;94;perigny;2.55;48.7;239;54106;23306;484142
36017;94;champigny sur marne;2.51667;48.8167;199;54241;23056;484902
36018;94;ivry sur seine;2.38333;48.8167;57;54238;22316;484850
36019;94;maisons alfort;2.43333;48.8;112;54229;22616;484821
36020;94;orly;2.4;48.75;63;54160;22334;484437
36021;94;villeneuve le roi;2.41667;48.7333;82;54149;22439;484404
36022;94;villeneuve saint georges;2.45;48.7333;126;54147;22659;484357
36023;94;creteil;2.46667;48.7833;139;54212;22743;484726
36024;95;baillet en france;2.3;49.0667;-41;54514;21758;490344
36025;95;osny;2.06667;49.0667;-304;54510;20345;490333
36026;95;hodent;1.76667;49.15;-632;54605;14603;490839
36027;95;montreuil sur epte;1.68333;49.1833;-731;54641;14042;491035
36028;95;cergy;2.06667;49.0333;-305;54484;20345;490209
36029;95;chennevieres les louvres;2.55;49.05;238;54494;23303;490241
36030;95;montlignon;2.28333;49.0167;-59;54455;21701;490035
36031;95;fontenay en parisis;2.45;49.05;127;54503;22701;490310
36032;95;ezanville;2.36667;49.0333;27;54475;22139;490140
36033;95;neuville sur oise;2.06667;49.0167;-308;54461;20333;490054
36034;95;sagy;1.95;49.05;-427;54500;15707;490301
36035;95;themericourt;1.9;49.0833;-489;54541;15347;490511
36036;95;butry sur oise;2.2;49.0833;-153;54540;21154;490510
36037;95;le plessis luzarches;2.45;49.1;131;54551;22717;490546
36038;95;jouy le moutier;2.03333;49.0167;-331;54457;20219;490039
36039;95;mareil en france;2.43333;49.0667;99;54522;22533;490411
36040;95;breancon;2.01667;49.15;-350;54603;20117;490833
36041;95;chaussy;1.68333;49.1167;-716;54580;14130;490718
36042;95;vallangoujard;2.11667;49.1333;-250;54600;20643;490823
36043;95;magny en vexin;1.78333;49.15;-611;54616;14712;490916
36044;95;bellefontaine;2.46667;49.1;145;54553;22801;490551
36045;95;haravilliers;2.05;49.1833;-322;54638;20248;491025
36046;95;survilliers;2.55;49.1;232;54553;23242;490552
36047;95;le heaulme;2;49.1667;-374;54629;15959;490957
36048;95;courcelles sur viosne;2;49.0833;-372;54531;20005;490440
36049;95;brignancourt;1.95;49.1333;-437;54598;15635;490816
36050;95;seraincourt;1.86667;49.0333;-521;54484;15202;490207
36051;95;vemars;2.56667;49.0667;257;54522;23404;490411
36052;95;domont;2.33333;49.0333;-11;54475;21936;490139
36053;95;bonneuil en france;2.43333;48.9667;107;54416;22557;485828
36054;95;montmorency;2.33333;49;-16;54433;21919;485923
36055;95;bruyeres sur oise;2.31667;49.1667;-10;54619;21939;490926
36056;95;epiais les louvres;2.55;49.0333;245;54480;23327;490153
36057;95;montgeroult;2;49.0833;-369;54536;20015;490456
36058;95;margency;2.3;49;-52;54447;21722;490007
36059;95;pontoise;2.1;49.05;-262;54501;20603;490303
36060;95;menouville;2.1;49.15;-252;54612;20635;490903
36061;95;clery en vexin;1.85;49.1333;-553;54586;15018;490737
36062;95;commeny;1.9;49.1167;-495;54585;15326;490735
36063;95;epiais rhus;2.06667;49.1167;-305;54580;20343;490720
36064;95;vaureal;2.03333;49.0333;-338;54483;20155;490204
36065;95;bray et lu;1.65;49.1333;-750;54599;13940;490822
36066;95;marly la ville;2.5;49.0833;181;54534;22958;490451
36067;95;le perchay;1.93333;49.1167;-449;54568;15557;490640
36068;95;genicourt;2.06667;49.0833;-298;54544;20406;490521
36069;95;amenucourt;1.65;49.1;-772;54562;13831;490622
36070;95;condecourt;1.95;49.0333;-438;54492;15632;490234
36071;95;groslay;2.35;48.9833;9;54430;22040;485912
36072;95;menucourt;1.98333;49.0167;-395;54475;15853;490138
36073;95;saint witz;2.56667;49.0833;257;54546;23406;490530
36074;95;piscop;2.35;49.0167;8;54458;22037;490044
36075;95;nucourt;1.85;49.1667;-536;54621;15115;490932
36076;95;arronville;2.1;49.1833;-248;54646;20649;491052
36077;95;herblay;2.16667;49;-190;54434;20956;485925
36078;95;asnieres sur oise;2.35;49.1333;22;54593;22122;490800
36079;95;presles;2.3;49.1167;-60;54572;21656;490655
36080;95;lassy;2.45;49.1;121;54552;22645;490550
36081;95;andilly;2.3;49;-41;54450;21758;490019
36082;95;haute isle;1.66667;49.0833;-754;54537;13929;490501
36083;95;chaumontel;2.43333;49.1167;103;54585;22544;490737
36084;95;villaines sous bois;2.36667;49.0833;23;54530;22128;490437
36085;95;ermont;2.26667;48.9833;-86;54435;21534;485929
36086;95;auvers sur oise;2.16667;49.0667;-180;54524;21027;490418
36087;95;saint brice sous foret;2.36667;49;23;54443;22125;485955
36088;95;arthies;1.78333;49.1;-607;54551;14726;490544
36089;95;grisy les platres;2.05;49.1333;-319;54591;20258;490755
36090;95;puiseux en france;2.48333;49.0667;182;54509;23001;490328
36091;95;goussainville;2.46667;49.0167;152;54480;22825;490154
36092;95;moussy;1.91667;49.1333;-474;54598;15435;490817
36093;95;pierrelaye;2.16667;49.0167;-207;54469;20901;490121
36094;95;franconville;2.23333;48.9833;-118;54431;21350;485917
36095;95;louvres;2.5;49.0333;187;54493;23019;490238
36096;95;gouzangrez;1.91667;49.1167;-478;54570;15423;490645
36097;95;le bellay en vexin;1.88333;49.15;-500;54612;15310;490904
36098;95;gonesse;2.45;48.9833;124;54430;22655;485912
36099;95;la chapelle en vexin;1.73333;49.1833;-672;54649;14355;491102
36100;95;hedouville;2.16667;49.15;-185;54615;21012;490913
36101;95;villers en arthies;1.73333;49.1;-678;54544;14333;490521
36102;95;saint martin du tertre;2.35;49.1;10;54563;22044;490624
36103;95;seugy;2.4;49.1167;64;54579;22338;490716
36104;95;roissy en france;2.51667;49;202;54449;23105;490015
36105;95;boissy l aillerie;2.03333;49.0667;-339;54532;20152;490442
36106;95;la frette sur seine;2.18333;48.9667;-176;54416;21042;485827
36107;95;wy dit joli village;1.83333;49.1;-557;54558;15007;490608
36108;95;deuil la barre;2.33333;48.9833;-9;54417;21943;485830
36109;95;bezons;2.21667;48.9333;-133;54362;21301;485532
36110;95;courdimanche;2;49.0333;-372;54483;20005;490204
36111;95;ronquerolles;2.21667;49.1667;-124;54630;21328;490960
36112;95;saint gratien;2.28333;48.9667;-61;54413;21655;485816
36113;95;bernes sur oise;2.3;49.1667;-40;54623;21802;490940
36114;95;nesles la vallee;2.18333;49.1333;-185;54589;21014;490748
36115;95;chars;1.93333;49.1667;-444;54623;15614;490939
36116;95;viarmes;2.36667;49.1333;38;54587;22213;490740
36117;95;neuilly en vexin;1.98333;49.1667;-400;54632;15835;491006
36118;95;taverny;2.21667;49.0333;-122;54473;21336;490133
36119;95;bessancourt;2.21667;49.0333;-137;54487;21248;490216
36120;95;vigny;1.93333;49.0833;-454;54531;15542;490440
36121;95;ableiges;1.98333;49.0833;-395;54545;15853;490525
36122;95;beaumont sur oise;2.28333;49.1333;-56;54603;21711;490833
36123;95;theuville;2.06667;49.15;-294;54616;20419;490915
36124;95;saint clair sur epte;1.68333;49.2;-730;54675;14046;491227
36125;95;vienne en arthies;1.73333;49.0667;-687;54518;14305;490359
36126;95;cormeilles en parisis;2.2;48.9833;-151;54415;21202;485823
36127;95;labbeville;2.15;49.1333;-215;54594;20835;490805
36128;95;livilliers;2.1;49.1;-269;54551;20541;490544
36129;95;charmont;1.78333;49.1333;-606;54596;14728;490809
36130;95;bouffemont;2.3;49.05;-41;54493;21757;490236
36131;95;berville;2.06667;49.1833;-294;54656;20417;491127
36132;95;sannois;2.25;48.9667;-88;54413;21525;485818
36133;95;villeron;2.53333;49.05;229;54509;23234;490328
36134;95;ecouen;2.38333;49.0167;50;54465;22252;490107
36135;95;saint cyr en arthies;1.75;49.0667;-661;54510;14429;490331
36136;95;saint prix;2.26667;49.0167;-79;54462;21557;490057
36137;95;ennery;2.1;49.0667;-256;54527;20622;490428
36138;95;saint leu la foret;2.25;49.0167;-100;54463;21447;490101
36139;95;attainville;2.35;49.05;10;54508;22044;490326
36140;95;belloy en france;2.38333;49.0833;38;54544;22216;490522
36141;95;frouville;2.15;49.15;-208;54610;20859;490857
36142;95;us;1.96667;49.1;-411;54555;15800;490559
36143;95;champagne sur oise;2.25;49.1333;-112;54595;21408;490809
36144;95;boisemont;2;49.0167;-372;54468;20006;490117
36145;95;chauvry;2.26667;49.05;-77;54504;21601;490314
36146;95;ambleville;1.7;49.15;-712;54610;14145;490855
36147;95;bethemont la foret;2.25;49.05;-93;54505;21510;490317
36148;95;le thillay;2.46667;49;149;54450;22815;490017
36149;95;saint ouen l aumone;2.11667;49.05;-251;54493;20637;490239
36150;95;maffliers;2.31667;49.0833;-32;54530;21828;490438
36151;95;noisy sur oise;2.33333;49.1333;-8;54598;21947;490817
36152;95;nerville la foret;2.28333;49.0833;-64;54544;21644;490523
36153;95;persan;2.26667;49.15;-73;54615;21616;490912
36154;95;l isle adam;2.23333;49.1167;-126;54568;21322;490640
36155;95;garges les gonesse;2.41667;48.9667;71;54413;22400;485819
36156;95;montmagny;2.35;48.9667;10;54415;22045;485825
36157;95;montigny les cormeilles;2.18333;48.9833;-157;54438;21142;485938
36158;95;cormeilles en vexin;2.01667;49.1167;-350;54573;20116;490658
36159;95;cherence;1.68333;49.0833;-734;54544;14035;490521
36160;95;omerville;1.71667;49.1333;-686;54601;14307;490827
36161;95;luzarches;2.41667;49.1167;95;54570;22520;490647
36162;95;aincourt;1.78333;49.0667;-626;54525;14622;490421
36163;95;avernes;1.86667;49.0833;-515;54540;15224;490508
36164;95;herouville;2.13333;49.1;-226;54557;20758;490604
36165;95;fremecourt;2;49.1167;-373;54578;20002;490713
36166;95;fremainville;1.86667;49.0667;-522;54517;15200;490356
36167;95;saint gervais;1.76667;49.1667;-630;54632;14610;491009
36168;95;buhy;1.68333;49.2;-717;54659;14128;491135
36169;95;eaubonne;2.28333;49;-63;54435;21647;485929
36170;95;valmondois;2.2;49.1;-162;54552;21127;490548
36171;95;montsoult;2.31667;49.0667;-29;54524;21838;490417
36172;95;parmain;2.21667;49.1167;-142;54572;21231;490653
36173;95;la roche guyon;1.63333;49.0833;-786;54535;13746;490454
36174;95;argenteuil;2.25;48.95;-99;54387;21451;485652
36175;95;le plessis bouchard;2.23333;49;-111;54447;21412;490010
36176;95;villiers le bel;2.38333;49;60;54454;22325;490032
36177;95;eragny;2.1;49.0167;-272;54464;20529;490102
36178;95;vaudherland;2.48333;49;166;54445;22910;490002
36179;95;gadancourt;1.86667;49.1;-533;54551;15125;490546
36180;95;sarcelles;2.38333;49;46;54441;22241;485950
36181;95;longuesse;1.93333;49.0667;-449;54514;15556;490344
36182;95;nointel;2.3;49.1333;-51;54587;21727;490740
36183;95;le plessis gassot;2.41667;49.0333;88;54481;22456;490160
36184;95;mery sur oise;2.2;49.0667;-167;54515;21111;490349
36185;95;meriel;2.2;49.0833;-146;54533;21218;490445
36186;95;soisy sous montmorency;2.3;48.9833;-41;54431;21759;485916
36187;95;banthelu;1.81667;49.1333;-580;54585;14853;490734
36188;95;guiry en vexin;1.85;49.1333;-541;54565;15059;490631
36189;95;santeuil;1.95;49.1333;-428;54584;15705;490732
36190;95;frepillon;2.21667;49.05;-146;54502;21218;490306
36191;95;bouqueval;2.43333;49.0167;99;54471;22532;490126
36192;95;epinay champlatreux;2.41667;49.0833;84;54539;22444;490506
36193;95;villiers le sec;2.4;49.0667;59;54525;22322;490421
36194;95;beauchamp;2.2;49.0167;-163;54460;21124;490050
36195;95;le mesnil aubry;2.4;49.05;69;54502;22354;490306
36196;95;chatenay en france;2.45;49.0667;135;54519;22729;490360
36197;95;enghien les bains;2.31667;48.9667;-32;54411;21829;485811
36198;95;genainville;1.75;49.1333;-649;54584;14508;490732
36199;95;marines;1.98333;49.15;-392;54606;15901;490842
36200;95;mours;2.26667;49.1333;-74;54593;21612;490801
36201;95;arnouville;2.41667;48.9833;89;54430;22460;485914
36202;95;jagny sous bois;2.45;49.0833;119;54531;22637;490440
36203;95;puiseux pontoise;2.01667;49.05;-351;54508;20115;490324
36204;95;moisselles;2.33333;49.05;0;54500;22010;490260
36205;95;vetheuil;1.7;49.0667;-704;54515;14211;490350
36206;95;villiers adam;2.23333;49.0667;-113;54516;21407;490353
36207;95;maudetour en vexin;1.78333;49.1;-624;54556;14629;490560
36208;95;fosses;2.48333;49.1;189;54553;23024;490553
